{
    "+libraries": [
        {
            "insert": "prepend",
            "name": "net.sf.trove4j:trove4j:3.0.3"
        },
        {
            "insert": "prepend",
            "name": "java3d:vecmath:1.5.2"
        },
        {
            "insert": "prepend",
            "name": "lzma:lzma:0.0.1"
        },
        {
            "MMC-hint": "forge-pack-xz",
            "insert": "prepend",
            "name": "org.scala-lang:scala-xml_2.11:1.0.2",
            "url": "http://files.minecraftforge.net/maven/"
        },
        {
            "MMC-hint": "forge-pack-xz",
            "insert": "prepend",
            "name": "org.scala-lang:scala-swing_2.11:1.0.1",
            "url": "http://files.minecraftforge.net/maven/"
        },
        {
            "MMC-hint": "forge-pack-xz",
            "insert": "prepend",
            "name": "org.scala-lang:scala-reflect:2.11.1",
            "url": "http://files.minecraftforge.net/maven/"
        },
        {
            "MMC-hint": "forge-pack-xz",
            "insert": "prepend",
            "name": "org.scala-lang:scala-parser-combinators_2.11:1.0.1",
            "url": "http://files.minecraftforge.net/maven/"
        },
        {
            "MMC-hint": "forge-pack-xz",
            "insert": "prepend",
            "name": "org.scala-lang:scala-library:2.11.1",
            "url": "http://files.minecraftforge.net/maven/"
        },
        {
            "MMC-hint": "forge-pack-xz",
            "insert": "prepend",
            "name": "org.scala-lang.plugins:scala-continuations-plugin_2.11.1:1.0.2",
            "url": "http://files.minecraftforge.net/maven/"
        },
        {
            "MMC-hint": "forge-pack-xz",
            "insert": "prepend",
            "name": "org.scala-lang.plugins:scala-continuations-library_2.11:1.0.2",
            "url": "http://files.minecraftforge.net/maven/"
        },
        {
            "MMC-hint": "forge-pack-xz",
            "insert": "prepend",
            "name": "org.scala-lang:scala-compiler:2.11.1",
            "url": "http://files.minecraftforge.net/maven/"
        },
        {
            "MMC-hint": "forge-pack-xz",
            "insert": "prepend",
            "name": "org.scala-lang:scala-actors-migration_2.11:1.1.0",
            "url": "http://files.minecraftforge.net/maven/"
        },
        {
            "MMC-hint": "forge-pack-xz",
            "insert": "prepend",
            "name": "com.typesafe:config:1.2.1",
            "url": "http://files.minecraftforge.net/maven/"
        },
        {
            "MMC-hint": "forge-pack-xz",
            "insert": "prepend",
            "name": "com.typesafe.akka:akka-actor_2.11:2.3.3",
            "url": "http://files.minecraftforge.net/maven/"
        },
        {
            "insert": "prepend",
            "name": "jline:jline:2.13",
            "url": "http://files.minecraftforge.net/maven/"
        },
        {
            "insert": "prepend",
            "name": "org.ow2.asm:asm-all:5.0.3"
        },
        {
            "insert": "prepend",
            "name": "net.minecraft:launchwrapper:1.12"
        },
        {
            "MMC-depend": "hard",
            "insert": "prepend",
            "name": "net.minecraftforge:forge:1.9-12.16.1.1887:universal",
            "url": "http://files.minecraftforge.net/maven/"
        }
    ],
    "+tweakers": [
        "net.minecraftforge.fml.common.launcher.FMLTweaker"
    ],
    "fileId": "net.minecraftforge",
    "mainClass": "net.minecraft.launchwrapper.Launch",
    "mcVersion": "1.9",
    "minecraftArguments": "--username ${auth_player_name} --version ${version_name} --gameDir ${game_directory} --assetsDir ${assets_root} --assetIndex ${assets_index_name} --uuid ${auth_uuid} --accessToken ${auth_access_token} --userType ${user_type}  --versionType Forge",
    "name": "Forge",
    "order": 5,
    "version": "forge 1.9-12.16.1.1887"
}
